{
  "project_info": {
    "project_number": "402499913177",
    "project_id": "grammer-1ff03",
    "storage_bucket": "grammer-1ff03.appspot.com"
  },
  "client": [
    {
      "client_info": {
        "mobilesdk_app_id": "1:402499913177:android:dd514fa8d44bc6f90645c8",
        "android_client_info": {
          "package_name": "com.example.grammer"
        }
      },
      "oauth_client": [
        {
          "client_id": "402499913177-8ifagljqdel951o1orf90ho07ngj2qer.apps.googleusercontent.com",
          "client_type": 3
        }
      ],
      "api_key": [
        {
          "current_key": "AIzaSyAs4NoooVNPFkLa9oJ5udpOaCYhEB1UVEM"
        }
      ],
      "services": {
        "appinvite_service": {
          "other_platform_oauth_client": [
            {
              "client_id": "402499913177-8ifagljqdel951o1orf90ho07ngj2qer.apps.googleusercontent.com",
              "client_type": 3
            }
          ]
        }
      }
    }
  ],
  "configuration_version": "1"
}