{
  "project_info": {
    "project_number": "711666415756",
    "firebase_url": "https://database-aaa44-default-rtdb.firebaseio.com",
    "project_id": "database-aaa44",
    "storage_bucket": "database-aaa44.appspot.com"
  },
  "client": [
    {
      "client_info": {
        "mobilesdk_app_id": "1:711666415756:android:27c9ca61073017b0af23a9",
        "android_client_info": {
          "package_name": "com.example.database"
        }
      },
      "oauth_client": [
        {
          "client_id": "711666415756-rgqaosn4mc9d2h556ttr66tk8v06tv4l.apps.googleusercontent.com",
          "client_type": 3
        }
      ],
      "api_key": [
        {
          "current_key": "AIzaSyDZxpMMncVp677YNusU0nbi0tpPKxAZyOE"
        }
      ],
      "services": {
        "appinvite_service": {
          "other_platform_oauth_client": [
            {
              "client_id": "711666415756-rgqaosn4mc9d2h556ttr66tk8v06tv4l.apps.googleusercontent.com",
              "client_type": 3
            }
          ]
        }
      }
    }
  ],
  "configuration_version": "1"
}